{
  "source": 4294452486,
  "schemes": {
    "light": {
      "primary": 4290516480,
      "onPrimary": 4294967295,
      "primaryContainer": 4294957780,
      "onPrimaryContainer": 4282319616,
      "secondary": 4286010960,
      "onSecondary": 4294967295,
      "secondaryContainer": 4294957780,
      "onSecondaryContainer": 4281079057,
      "tertiary": 4285488174,
      "onTertiary": 4294967295,
      "tertiaryContainer": 4294631590,
      "onTertiaryContainer": 4280621568,
      "error": 4290386458,
      "onError": 4294967295,
      "errorContainer": 4294957782,
      "onErrorContainer": 4282449922,
      "background": 4294966271,
      "onBackground": 4280293913,
      "surface": 4294966271,
      "onSurface": 4280293913,
      "surfaceVariant": 4294303193,
      "onSurfaceVariant": 4283646784,
      "outline": 4286935920,
      "outlineVariant": 4292395710,
      "shadow": 4278190080,
      "scrim": 4278190080,
      "inverseSurface": 4281741101,
      "inverseOnSurface": 4294700779,
      "inversePrimary": 4294948006
    },
    "dark": {
      "primary": 4294948006,
      "onPrimary": 4284876544,
      "primaryContainer": 4287630848,
      "onPrimaryContainer": 4294957780,
      "secondary": 4293377461,
      "onSecondary": 4282657317,
      "secondaryContainer": 4284301114,
      "onSecondaryContainer": 4294957780,
      "tertiary": 4292723852,
      "onTertiary": 4282199556,
      "tertiaryContainer": 4283778329,
      "onTertiaryContainer": 4294631590,
      "error": 4294948011,
      "onError": 4285071365,
      "errorContainer": 4287823882,
      "onErrorContainer": 4294948011,
      "background": 4280293913,
      "onBackground": 4293779677,
      "surface": 4280293913,
      "onSurface": 4293779677,
      "surfaceVariant": 4283646784,
      "onSurfaceVariant": 4292395710,
      "outline": 4288711817,
      "outlineVariant": 4283646784,
      "shadow": 4278190080,
      "scrim": 4278190080,
      "inverseSurface": 4293779677,
      "inverseOnSurface": 4281741101,
      "inversePrimary": 4290516480
    }
  },
  "palettes": {
    "primary": {
      "hue": 29.01049332330528,
      "chroma": 104.13721737710235,
      "keyColor": {
        "argb": 4293860864,
        "internalHue": 28.98076241768205,
        "internalChroma": 103.62655667714739,
        "internalTone": 51.01234910226201
      },
      "cache": {}
    },
    "secondary": {
      "hue": 29.01049332330528,
      "chroma": 16,
      "keyColor": {
        "argb": 4287786856,
        "internalHue": 29.831854087371962,
        "internalChroma": 15.87513644902892,
        "internalTone": 50.072417779577364
      },
      "cache": {}
    },
    "tertiary": {
      "hue": 89.01049332330528,
      "chroma": 24,
      "keyColor": {
        "argb": 4287198532,
        "internalHue": 89.30750778972774,
        "internalChroma": 24.12699963242549,
        "internalTone": 50.04732327126325
      },
      "cache": {}
    },
    "neutral": {
      "hue": 29.01049332330528,
      "chroma": 4,
      "keyColor": {
        "argb": 4286543219,
        "internalHue": 30.327166872360653,
        "internalChroma": 4.042764629486564,
        "internalTone": 50.064148780270784
      },
      "cache": {}
    },
    "neutralVariant": {
      "hue": 29.01049332330528,
      "chroma": 8,
      "keyColor": {
        "argb": 4286935920,
        "internalHue": 27.788344163307457,
        "internalChroma": 7.816107474052556,
        "internalTone": 49.99906013088692
      },
      "cache": {}
    },
    "error": {
      "hue": 25,
      "chroma": 84,
      "keyColor": {
        "argb": 4292753200,
        "internalHue": 25.01013502609243,
        "internalChroma": 84.04509263062816,
        "internalTone": 50.06767986742766
      },
      "cache": {}
    }
  },
  "customColors": [
    {
      "color": {
        "name": "custom-1",
        "value": 4294901760,
        "blend": true
      },
      "value": 4294710528,
      "light": {
        "color": 4290645504,
        "onColor": 4294967295,
        "colorContainer": 4294957780,
        "onColorContainer": 4282384896
      },
      "dark": {
        "color": 4294948007,
        "onColor": 4284941312,
        "colorContainer": 4287694848,
        "onColorContainer": 4294957780
      }
    }
  ]
}